timestamp,cpu_percent,memory_percent,process_count,disk_read_bytes,disk_write_bytes,event_id,label,total_mb,available_mb,used_mb,free_mb,percent_used,swap_total_mb,swap_used_mb,swap_percent
2026-09-16 21:52:34,0.4309576837416481,0.9885496183206106,0.6521739130434785,0.0,0.0,,1,16011.21,1.0,0.0,1353.97,0.0,7362.7,1086.05,14.8
2026-09-16 21:52:36,0.6859688195991092,0.9923664122137401,0.7391304347826075,1.2193439568264353e-05,3.15430832866781e-05,,1,16011.21,1.0,0.0,1353.97,0.0,7362.7,1086.05,14.8
2026-09-16 21:52:37,0.6302895322939867,1.0,0.8260869565217384,1.9664290495491343e-05,6.502870249436299e-05,,1,16011.21,1.0,0.0,1353.97,0.0,7362.7,1086.05,14.8
2026-09-16 21:52:38,0.6146993318485524,0.9923664122137401,0.6521739130434785,3.7928125496744514e-05,0.0001111408051879259,,1,16011.21,1.0,0.0,1353.97,0.0,7362.7,1086.05,14.8
2026-09-16 21:52:39,0.39643652561247217,0.9923664122137401,0.6521739130434785,5.254340539373459e-05,0.00014306314548795385,,1,16011.21,1.0,0.0,1353.97,0.0,7362.7,1086.05,14.8
2026-09-16 21:52:40,0.40979955456570155,0.9885496183206106,0.6521739130434785,0.00010821414373385352,0.0003764727116393196,,1,16011.21,1.0,0.0,1353.97,0.0,7362.7,1086.05,14.8
2026-09-16 21:52:42,0.49443207126948774,0.9885496183206106,0.6521739130434785,0.00012157638450416286,0.0003764727116393196,,1,16011.21,1.0,0.0,1353.97,0.0,7362.7,1086.05,14.8
2026-09-16 21:52:43,0.5634743875278396,0.9923664122137401,0.7826086956521738,0.00013801857438844323,0.0003993668849924248,,1,16011.21,1.0,0.0,1353.97,0.0,7362.7,1086.05,14.8
2026-09-16 21:52:44,0.5144766146993319,0.9885496183206106,0.7826086956521738,0.00016003099702910362,0.0004223998109114113,,1,16011.21,1.0,0.0,1353.97,0.0,7362.7,1086.05,14.8
2026-09-16 21:52:45,0.4465478841870824,0.9885496183206106,0.7391304347826075,0.00017565713201994626,0.00045355438701433215,,1,16011.21,1.0,0.0,1353.97,0.0,7362.7,1086.05,14.8
2026-09-16 21:52:46,0.47216035634743875,0.9885496183206106,0.7391304347826075,0.00018593942367672867,0.0005086391556279324,,1,16011.21,1.0,0.0,1353.97,0.0,7362.7,1086.05,14.8
2026-09-16 21:52:48,0.5634743875278396,0.9885496183206106,0.7391304347826075,0.00019240468438042058,0.0005333741130204572,,1,16011.21,1.0,0.0,1353.97,0.0,7362.7,1086.05,14.8
2026-09-16 21:52:49,0.4799554565701559,0.9923664122137401,0.7391304347826075,0.00020752539182433694,0.0005745281240301381,,1,16011.21,1.0,0.0,1353.97,0.0,7362.7,1086.05,14.8
2026-09-16 21:52:50,0.4955456570155902,0.9885496183206106,0.7391304347826075,0.0002301695988982111,0.0006016311252121653,,1,16011.21,1.0,0.0,1353.97,0.0,7362.7,1086.05,14.8
2026-09-16 21:52:51,0.5434298440979956,0.9885496183206106,0.7391304347826075,0.00024502179795815593,0.0006306396616309051,,1,16011.21,1.0,0.0,1353.97,0.0,7362.7,1086.05,14.8
2026-09-16 21:52:53,0.5634743875278396,0.9885496183206106,0.7391304347826075,0.00030352503650865614,0.0006427296351954048,,1,16011.21,1.0,0.0,1353.97,0.0,7362.7,1086.05,14.8
2026-09-16 21:52:54,0.4922048997772829,0.9961832061068705,1.0,0.0003924276360560697,0.0006732459494958043,,1,16011.21,1.0,0.0,1353.97,0.0,7362.7,1086.05,14.8
2026-09-16 21:52:55,0.4053452115812917,0.9885496183206106,0.7391304347826075,0.000467894286648729,0.0007027169944668898,,1,16011.21,1.0,0.0,1353.97,0.0,7362.7,1086.05,14.8
2026-09-16 21:52:56,0.4910913140311804,0.9885496183206106,0.7391304347826075,0.0004873532472031705,0.0007120504170581299,,1,16011.21,1.0,0.0,1353.97,0.0,7362.7,1086.05,14.8
2026-09-16 21:52:57,0.512249443207127,0.9885496183206106,0.7391304347826075,0.0004911439538046736,0.0007307912636091984,,1,16011.21,1.0,0.0,1353.97,0.0,7362.7,1086.05,14.8
2026-09-16 21:52:59,0.4454342984409799,0.9923664122137401,0.7391304347826075,0.0004952926715855455,0.0007372848836877388,,1,16011.21,1.0,0.0,1353.97,0.0,7362.7,1086.05,14.8
2026-09-16 21:53:00,0.5367483296213809,0.9923664122137401,0.7391304347826075,0.000502716138679915,0.0007431679924767565,,1,16011.21,1.0,0.0,1353.97,0.0,7362.7,1086.05,14.8
2026-09-16 21:53:01,0.4309576837416481,0.9923664122137401,0.7391304347826075,0.0005399177120781751,0.0007479595810813144,,1,16011.21,1.0,0.0,1353.97,0.0,7362.7,1086.05,14.8
2026-09-16 21:53:02,0.4309576837416481,0.9923664122137401,0.7391304347826075,0.0005684954279576715,0.0007506513808577253,,1,16011.21,1.0,0.0,1353.97,0.0,7362.7,1086.05,14.8
2026-09-16 21:53:03,0.5044543429844097,0.9923664122137401,0.7391304347826075,0.0005825736910862744,0.0007548509585149077,,1,16011.21,1.0,0.0,1353.97,0.0,7362.7,1086.05,14.8
2026-09-16 21:53:05,0.4621380846325167,0.9923664122137401,1.0,0.0006146999295344457,0.0007615758328696209,,1,16011.21,1.0,0.0,1353.97,0.0,7362.7,1086.05,14.8
2026-09-16 21:53:06,0.45657015590200445,0.9847328244274807,0.7391304347826075,0.0006374336394032731,0.0007703819957112223,,1,16011.21,1.0,0.0,1353.97,0.0,7362.7,1086.05,14.8
2026-09-16 21:53:07,0.477728285077951,0.9847328244274807,0.7391304347826075,0.0006604305927857546,0.0007756360928685702,,1,16011.21,1.0,0.0,1353.97,0.0,7362.7,1086.05,14.8
2026-09-17 22:27:42,0.0,0.011450381679389388,0.08695652173913082,0.999684076193982,0.9969262884116934,,0,16011.21,0.0,1.0,1343.51,0.9999999999998863,7362.7,1092.0,14.8
2026-09-17 22:27:43,0.23719376391982183,0.011450381679389388,0.3478260869565215,0.9996841604319062,0.9969284437015489,,0,16011.21,0.0,1.0,1343.51,0.9999999999998863,7362.7,1092.0,14.8
2026-09-17 22:27:44,0.16815144766146992,0.011450381679389388,0.13043478260869534,0.999685676714547,0.9969361120933504,,0,16011.21,0.0,1.0,1343.51,0.9999999999998863,7362.7,1092.0,14.8
2026-09-17 22:27:45,0.6993318485523385,0.08396946564885521,0.3478260869565215,0.999685676714547,0.9969364265991665,,0,16011.21,0.0,1.0,1343.51,0.9999999999998863,7362.7,1092.0,14.8
2026-09-17 22:27:46,0.6982182628062361,0.08015267175572571,0.3478260869565215,0.9996865190937916,0.9969398491624557,,0,16011.21,0.0,1.0,1343.51,0.9999999999998863,7362.7,1092.0,14.8
2026-09-17 22:27:47,0.7483296213808464,0.08015267175572571,0.3478260869565215,0.9996865190937916,0.9969399046634817,,0,16011.21,0.0,1.0,1343.51,0.9999999999998863,7362.7,1092.0,14.8
2026-09-17 22:27:48,0.8351893095768375,0.08778625954198471,0.43478260869565233,0.9996865190937916,0.9969403394215215,,0,16011.21,0.0,1.0,1343.51,0.9999999999998863,7362.7,1092.0,14.8
2026-09-17 22:27:49,0.7828507795100222,0.09160305343511466,0.43478260869565233,0.9996866875696409,0.9969428092171921,,0,16011.21,0.0,1.0,1343.51,0.9999999999998863,7362.7,1092.0,14.8
2026-09-17 22:27:50,0.72271714922049,0.07251908396946583,0.304347826086957,0.9996880353764324,0.996948701576152,,0,16011.21,0.0,1.0,1343.51,0.9999999999998863,7362.7,1092.0,14.8
2026-09-17 22:27:51,0.5979955456570156,0.07251908396946583,0.304347826086957,0.9996880353764324,0.9969502648550601,,0,16011.21,0.0,1.0,1343.51,0.9999999999998863,7362.7,1092.0,14.8
2026-09-17 22:27:52,0.7160356347438752,0.07633587786259532,0.2608695652173907,0.9996887092798281,0.9969514488769544,,0,16011.21,0.0,1.0,1343.51,0.9999999999998863,7362.7,1092.0,14.8
2026-09-17 22:27:53,0.6069042316258352,0.07633587786259532,0.2608695652173907,0.9996893831832239,0.996957063730783,,0,16011.21,0.0,1.0,1343.51,0.9999999999998863,7362.7,1092.0,14.8
2026-09-17 22:27:54,0.6135857461024499,0.07633587786259532,0.2608695652173907,0.9996908994658646,0.996971836253953,,0,16011.21,0.0,1.0,1343.51,0.9999999999998863,7362.7,1092.0,14.8
2026-09-17 22:27:55,0.6737193763919822,0.07633587786259532,0.5217391304347814,0.9996908994658646,0.9969724375150713,,0,16011.21,0.0,1.0,1343.51,0.9999999999998863,7362.7,1092.0,14.8
2026-09-17 22:27:56,0.7082405345211581,0.07633587786259532,0.2608695652173907,0.9996908994658646,0.9969727612710582,,0,16011.21,0.0,1.0,1343.51,0.9999999999998863,7362.7,1092.0,14.8
2026-09-17 22:27:57,0.7316258351893096,0.07633587786259532,0.2608695652173907,0.9996937214363348,0.9969853415036884,,0,16011.21,0.0,1.0,1343.51,0.9999999999998863,7362.7,1092.0,14.8
2026-09-17 22:27:58,0.6091314031180401,0.08015267175572571,0.2608695652173907,0.9996950692431263,0.9969913541148725,,0,16011.21,0.0,1.0,1343.51,0.9999999999998863,7362.7,1092.0,14.8
2026-09-17 22:27:59,0.6291759465478842,0.08015267175572571,0.2608695652173907,0.9996952377189752,0.9970136285267652,,0,16011.21,0.0,1.0,1343.51,0.9999999999998863,7362.7,1092.0,14.8
2026-09-17 22:28:00,0.6391982182628062,0.08396946564885521,0.2608695652173907,0.9996961222171823,0.9970169215876594,,0,16011.21,0.0,1.0,1343.51,0.9999999999998863,7362.7,1092.0,14.8
2026-09-17 22:28:01,0.700445434298441,0.08396946564885521,0.2608695652173907,0.9996961222171823,0.997017152841936,,0,16011.21,0.0,1.0,1343.51,0.9999999999998863,7362.7,1092.0,14.8
2026-09-17 22:28:02,0.6748329621380846,0.08778625954198471,0.2608695652173907,0.9996961222171823,0.9970177078521991,,0,16011.21,0.0,1.0,1343.51,0.9999999999998863,7362.7,1092.0,14.8
2026-09-17 22:28:03,0.6748329621380846,0.08778625954198471,0.2608695652173907,0.9996973436670871,0.9970558185569325,,0,16011.21,0.0,1.0,1343.51,0.9999999999998863,7362.7,1092.0,14.8
2026-09-17 22:28:04,0.7360801781737193,0.08778625954198471,0.2608695652173907,0.9996985229980302,0.9970606656465639,,0,16011.21,0.0,1.0,1343.51,0.9999999999998863,7362.7,1092.0,14.8
2026-09-17 22:28:05,0.6870824053452116,0.08778625954198471,0.2608695652173907,0.9996985229980302,0.9970608599001558,,0,16011.21,0.0,1.0,1343.51,0.9999999999998863,7362.7,1092.0,14.8
2026-09-17 22:28:06,0.7683741648106904,0.09160305343511466,0.2608695652173907,0.9997009237788776,0.9970800632552597,,0,16011.21,0.0,1.0,1343.51,0.9999999999998863,7362.7,1092.0,14.8
2026-09-17 22:28:07,1.0,0.09923664122137454,0.39130434782608603,0.9997021031098203,0.997115324907309,,1,16011.21,0.0,1.0,1343.51,0.9999999999998863,7362.7,1092.0,14.8
2026-09-17 22:28:08,0.9654788418708241,0.10687022900763354,0.2608695652173907,0.9997031297595251,0.9971195152347958,,1,16011.21,0.0,1.0,1343.51,0.9999999999998863,7362.7,1092.0,14.8
2026-09-17 22:28:09,0.7628062360801782,0.11068702290076349,0.2608695652173907,0.9997050988210097,0.9971240385684399,,0,16011.21,0.0,1.0,1343.51,0.9999999999998863,7362.7,1092.0,14.8
2026-09-17 22:28:10,0.6792873051224945,0.11068702290076349,0.2608695652173907,0.9997071363258079,0.9971291169123475,,0,16011.21,0.0,1.0,1343.51,0.9999999999998863,7362.7,1092.0,14.8
2026-09-17 22:28:11,0.7973273942093541,0.11450381679389299,0.5217391304347814,0.999707473277506,0.9971337049971893,,0,16011.21,0.0,1.0,1343.51,0.9999999999998863,7362.7,1092.0,14.8
2026-09-17 22:28:12,0.9799554565701559,0.11832061068702338,0.2608695652173907,0.9997088210842975,0.9971466829871751,,1,16011.21,0.0,1.0,1343.51,0.9999999999998863,7362.7,1092.0,14.8
2026-09-17 22:28:13,0.7082405345211581,0.11832061068702338,0.2608695652173907,0.9997091580359956,0.9971507345620956,,0,16011.21,0.0,1.0,1343.51,0.9999999999998863,7362.7,1092.0,14.8
2026-09-17 22:28:14,0.6570155902004454,0.11832061068702338,0.2608695652173907,0.9997101688910894,0.9971551561438585,,0,16011.21,0.0,1.0,1343.51,0.9999999999998863,7362.7,1092.0,14.8
2026-09-17 22:28:15,0.7126948775055679,0.09923664122137454,0.2608695652173907,0.9997103373669383,0.9971580976982528,,0,16011.21,0.0,1.0,1343.51,0.9999999999998863,7362.7,1092.0,14.8
2026-09-17 22:28:16,0.6692650334075724,0.09541984732824416,0.5217391304347814,0.9997111797461828,0.9971616312635949,,0,16011.21,0.0,1.0,1343.51,0.9999999999998863,7362.7,1092.0,14.8
2026-09-17 22:28:17,0.6291759465478842,0.09160305343511466,0.2608695652173907,0.9997111797461828,0.99716343504695,,0,16011.21,0.0,1.0,1343.51,0.9999999999998863,7362.7,1092.0,14.8
2026-09-17 22:28:18,0.7906458797327394,0.09923664122137454,0.3478260869565215,0.9997133699322194,0.9971705114278047,,0,16011.21,0.0,1.0,1343.51,0.9999999999998863,7362.7,1092.0,14.8
2026-09-17 22:28:19,0.8273942093541202,0.10305343511450404,0.3478260869565215,0.9997135384080682,0.9971722689603042,,0,16011.21,0.0,1.0,1343.51,0.9999999999998863,7362.7,1092.0,14.8
2026-09-17 22:28:20,0.7394209354120268,0.08396946564885521,0.2608695652173907,0.9997137068839175,0.9971738322392123,,0,16011.21,0.0,1.0,1343.51,0.9999999999998863,7362.7,1092.0,14.8
2026-09-17 22:28:21,0.621380846325167,0.08396946564885521,0.2608695652173907,0.9997137068839175,0.9971739247409226,,0,16011.21,0.0,1.0,1343.51,0.9999999999998863,7362.7,1092.0,14.8
2026-09-17 22:28:22,0.6826280623608018,0.08396946564885521,0.2608695652173907,0.9997138753597663,0.9971757007737647,,0,16011.21,0.0,1.0,1343.51,0.9999999999998863,7362.7,1092.0,14.8
2026-09-17 22:28:23,0.7850779510022272,0.08015267175572571,0.2608695652173907,0.9997138753597663,0.9971765795400147,,0,16011.21,0.0,1.0,1343.51,0.9999999999998863,7362.7,1092.0,14.8
2026-09-17 22:28:24,0.7828507795100222,0.07633587786259532,0.2608695652173907,0.9997148862148602,0.9971810103719485,,0,16011.21,0.0,1.0,1343.51,0.9999999999998863,7362.7,1092.0,14.8
2026-09-17 22:28:25,0.6614699331848553,0.08015267175572571,0.2608695652173907,0.9997148862148602,0.9971831009106062,,0,16011.21,0.0,1.0,1343.51,0.9999999999998863,7362.7,1092.0,14.8
2026-09-17 22:28:26,0.6102449888641425,0.07633587786259532,0.2608695652173907,0.9997148862148602,0.9971831009106062,,0,16011.21,0.0,1.0,1343.51,0.9999999999998863,7362.7,1092.0,14.8
2026-09-17 22:28:27,0.6837416481069042,0.07633587786259532,0.2608695652173907,0.9997148862148602,0.9971833414150533,,0,16011.21,0.0,1.0,1343.51,0.9999999999998863,7362.7,1092.0,14.8
2026-09-17 22:28:28,0.6325167037861915,0.07633587786259532,0.2608695652173907,0.9997148862148602,0.9971843219331848,,0,16011.21,0.0,1.0,1343.51,0.9999999999998863,7362.7,1092.0,14.8
2026-09-17 22:28:29,0.623608017817372,0.07633587786259532,0.2608695652173907,0.999715054690709,0.9971866067254349,,0,16011.21,0.0,1.0,1343.51,0.9999999999998863,7362.7,1092.0,14.8
2026-09-17 22:28:30,0.6503340757238307,0.07633587786259532,0.2608695652173907,0.999715054690709,0.9971866067254349,,0,16011.21,0.0,1.0,1343.51,0.9999999999998863,7362.7,1092.0,14.8
2026-09-17 22:28:31,0.5902004454342984,0.07633587786259532,0.2608695652173907,0.999715054690709,0.997186680726803,,0,16011.21,0.0,1.0,1343.51,0.9999999999998863,7362.7,1092.0,14.8
2026-09-17 22:28:32,0.6625835189309577,0.07251908396946583,0.2608695652173907,0.999715054690709,0.9971867547281716,,0,16011.21,0.0,1.0,1343.51,0.9999999999998863,7362.7,1092.0,14.8
2026-09-17 22:28:33,0.6603563474387527,0.07251908396946583,0.2608695652173907,0.999715054690709,0.997186976732277,,0,16011.21,0.0,1.0,1343.51,0.9999999999998863,7362.7,1092.0,14.8
2026-09-17 22:28:34,0.7260579064587973,0.07251908396946583,0.2608695652173907,0.999715897069954,0.9971908248034342,,0,16011.21,0.0,1.0,1343.51,0.9999999999998863,7362.7,1092.0,14.8
2026-09-17 22:28:35,0.6469933184855234,0.07251908396946583,0.2608695652173907,0.999715897069954,0.9971908988048028,,0,16011.21,0.0,1.0,1343.51,0.9999999999998863,7362.7,1092.0,14.8
2026-09-17 22:28:36,0.732739420935412,0.07251908396946583,0.2608695652173907,0.999715897069954,0.9971914538150659,,0,16011.21,0.0,1.0,1343.51,0.9999999999998863,7362.7,1092.0,14.8
2026-09-17 22:28:37,0.6636971046770601,0.07251908396946583,0.5217391304347814,0.9997184242076882,0.9971943768691185,,0,16011.21,0.0,1.0,1343.51,0.9999999999998863,7362.7,1092.0,14.8
2026-09-17 22:28:38,0.6826280623608018,0.07251908396946583,0.2608695652173907,0.9997184242076882,0.9971944508704866,,0,16011.21,0.0,1.0,1343.51,0.9999999999998863,7362.7,1092.0,14.8
2026-09-17 22:28:39,0.6971046770601337,0.07251908396946583,0.2608695652173907,0.9997205933342435,0.9971959308978549,,0,16011.21,0.0,1.0,1343.51,0.9999999999998863,7362.7,1092.0,14.8
2026-09-17 22:28:40,0.6280623608017817,0.07251908396946583,0.2608695652173907,0.9997211408807525,0.9971960141493943,,0,16011.21,0.0,1.0,1343.51,0.9999999999998863,7362.7,1092.0,14.8
2026-09-17 22:28:41,0.6035634743875279,0.07251908396946583,0.2608695652173907,0.9997211408807525,0.9972009999915916,,0,16011.21,0.0,1.0,1343.51,0.9999999999998863,7362.7,1092.0,14.8
2026-09-17 22:28:42,0.6325167037861915,0.07251908396946583,0.2608695652173907,0.9997211408807525,0.9972010092417625,,0,16011.21,0.0,1.0,1343.51,0.9999999999998863,7362.7,1092.0,14.8
2026-09-17 22:28:43,0.6804008908685969,0.07251908396946583,0.2608695652173907,0.9997211408807525,0.9972010184919333,,0,16011.21,0.0,1.0,1343.51,0.9999999999998863,7362.7,1092.0,14.8
2026-09-17 22:28:44,0.5924276169265034,0.07251908396946583,0.2608695652173907,0.9997223202116952,0.9972056158269464,,0,16011.21,0.0,1.0,1343.51,0.9999999999998863,7362.7,1092.0,14.8
2026-09-17 22:30:24,0.0,0.003816793893129944,0.0,0.9999616928038431,0.9976555441469084,,0,16011.21,0.0,1.0,1343.51,0.9999999999998863,7362.7,1092.0,14.8
2026-09-17 22:30:25,0.11247216035634744,0.0,0.0,0.9999616928038431,0.9976578751900136,,0,16011.21,0.0,1.0,1343.51,0.9999999999998863,7362.7,1092.0,14.8
2026-09-17 22:30:26,0.12249443207126949,0.0,0.04347826086956452,0.9999616928038431,0.9976578936903553,,0,16011.21,0.0,1.0,1343.51,0.9999999999998863,7362.7,1092.0,14.8
2026-09-17 22:30:27,0.6403118040089086,0.07633587786259532,0.2608695652173907,0.9999616928038431,0.9976582081961713,,0,16011.21,0.0,1.0,1343.51,0.9999999999998863,7362.7,1092.0,14.8
2026-09-17 22:30:28,0.6737193763919822,0.07633587786259532,0.2608695652173907,0.9999616928038431,0.9976585042016448,,0,16011.21,0.0,1.0,1343.51,0.9999999999998863,7362.7,1092.0,14.8
2026-09-17 22:30:29,0.6158129175946547,0.07633587786259532,0.21739130434782616,0.9999633775623327,0.9976660893419074,,0,16011.21,0.0,1.0,1343.51,0.9999999999998863,7362.7,1092.0,14.8
2026-09-17 22:30:30,0.8507795100222718,0.07633587786259532,0.21739130434782616,0.9999633775623327,0.997666403847723,,0,16011.21,0.0,1.0,1343.51,0.9999999999998863,7362.7,1092.0,14.8
2026-09-17 22:30:31,0.834075723830735,0.07251908396946583,0.21739130434782616,0.9999633775623327,0.997666773854565,,0,16011.21,0.0,1.0,1343.51,0.9999999999998863,7362.7,1092.0,14.8
2026-09-17 22:30:32,0.6458797327394209,0.07251908396946583,0.21739130434782616,0.9999633775623327,0.9976672733638021,,0,16011.21,0.0,1.0,1343.51,0.9999999999998863,7362.7,1092.0,14.8
2026-09-17 22:30:33,0.6726057906458797,0.07251908396946583,0.21739130434782616,0.9999633775623327,0.9976685406372363,,0,16011.21,0.0,1.0,1343.51,0.9999999999998863,7362.7,1092.0,14.8
2026-09-17 22:30:34,0.7472160356347438,0.07633587786259532,0.21739130434782616,0.9999645568932753,0.9976754597651829,,0,16011.21,0.0,1.0,1343.51,0.9999999999998863,7362.7,1092.0,14.8
2026-09-17 22:30:35,0.6024498886414255,0.07633587786259532,0.21739130434782616,0.9999645568932753,0.9976754597651829,,0,16011.21,0.0,1.0,1343.51,0.9999999999998863,7362.7,1092.0,14.8
2026-09-17 22:30:36,0.6291759465478842,0.07251908396946583,0.21739130434782616,0.9999645568932753,0.9976847931877741,,0,16011.21,0.0,1.0,1343.51,0.9999999999998863,7362.7,1092.0,14.8
2026-09-17 22:30:37,0.6291759465478842,0.07251908396946583,0.21739130434782616,0.9999645568932753,0.99768493194034,,0,16011.21,0.0,1.0,1343.51,0.9999999999998863,7362.7,1092.0,14.8
2026-09-17 22:30:38,0.7438752783964365,0.07251908396946583,0.2608695652173907,0.9999660310569536,0.9976861344625769,,0,16011.21,0.0,1.0,1343.51,0.9999999999998863,7362.7,1092.0,14.8
2026-09-17 22:30:39,0.9253897550111357,0.08015267175572571,0.21739130434782616,0.9999676736964811,0.997686504469419,,1,16011.21,0.0,1.0,1343.51,0.9999999999998863,7362.7,1092.0,14.8
2026-09-17 22:30:40,0.6982182628062361,0.07633587786259532,0.21739130434782616,0.9999676736964811,0.9976882527517477,,0,16011.21,0.0,1.0,1343.51,0.9999999999998863,7362.7,1092.0,14.8
2026-09-17 22:30:41,0.6469933184855234,0.07633587786259532,0.21739130434782616,0.9999676736964811,0.9977042925483515,,0,16011.21,0.0,1.0,1343.51,0.9999999999998863,7362.7,1092.0,14.8
2026-09-17 22:30:42,0.655902004454343,0.07633587786259532,0.21739130434782616,0.9999676736964811,0.9977142734829165,,0,16011.21,0.0,1.0,1343.51,0.9999999999998863,7362.7,1092.0,14.8
2026-09-17 22:30:43,0.6403118040089086,0.07633587786259532,0.2608695652173907,0.9999676736964811,0.9977144954870218,,0,16011.21,0.0,1.0,1343.51,0.9999999999998863,7362.7,1092.0,14.8
2026-09-17 22:30:44,0.6759465478841871,0.07633587786259532,0.21739130434782616,0.9999690215032726,0.9977210446081264,,0,16011.21,0.0,1.0,1343.51,0.9999999999998863,7362.7,1092.0,14.8
2026-09-17 22:30:45,0.6135857461024499,0.07633587786259532,0.21739130434782616,0.9999693584549707,0.997735733879757,,0,16011.21,0.0,1.0,1343.51,0.9999999999998863,7362.7,1092.0,14.8
2026-09-17 22:30:46,0.6291759465478842,0.07633587786259532,0.21739130434782616,0.9999693584549707,0.9977357708804409,,0,16011.21,0.0,1.0,1343.51,0.9999999999998863,7362.7,1092.0,14.8
2026-09-17 22:30:47,0.6603563474387527,0.07633587786259532,0.304347826086957,0.9999702008342153,0.9977391379427041,,0,16011.21,0.0,1.0,1343.51,0.9999999999998863,7362.7,1092.0,14.8
2026-09-17 22:30:48,0.8240534521158129,0.08396946564885521,0.304347826086957,0.9999702008342153,0.9977403404649405,,0,16011.21,0.0,1.0,1343.51,0.9999999999998863,7362.7,1092.0,14.8
2026-09-17 22:30:49,0.8385300668151447,0.08015267175572571,0.21739130434782616,0.999971380165158,0.9977471300904925,,0,16011.21,0.0,1.0,1343.51,0.9999999999998863,7362.7,1092.0,14.8
2026-09-17 22:30:50,0.6258351893095768,0.08015267175572571,0.21739130434782616,0.999971380165158,0.9977471300904925,,0,16011.21,0.0,1.0,1343.51,0.9999999999998863,7362.7,1092.0,14.8
2026-09-17 22:30:51,0.6013363028953229,0.08015267175572571,0.21739130434782616,0.9999731912805343,0.9977517366756765,,0,16011.21,0.0,1.0,1343.51,0.9999999999998863,7362.7,1092.0,14.8
2026-09-17 22:30:52,0.589086859688196,0.07633587786259532,0.21739130434782616,0.9999731912805343,0.9977535034583473,,0,16011.21,0.0,1.0,1343.51,0.9999999999998863,7362.7,1092.0,14.8
2026-09-17 22:30:53,0.6069042316258352,0.07633587786259532,0.21739130434782616,0.9999731912805343,0.9977537717133078,,0,16011.21,0.0,1.0,1343.51,0.9999999999998863,7362.7,1092.0,14.8
2026-09-17 22:30:54,0.6547884187082404,0.08015267175572571,0.21739130434782616,0.999974370611477,0.9977593218159391,,0,16011.21,0.0,1.0,1343.51,0.9999999999998863,7362.7,1092.0,14.8
2026-09-17 22:30:55,0.6057906458797327,0.07633587786259532,0.21739130434782616,0.999974370611477,0.997759516069531,,0,16011.21,0.0,1.0,1343.51,0.9999999999998863,7362.7,1092.0,14.8
2026-09-17 22:30:56,0.5957683741648107,0.07633587786259532,0.21739130434782616,0.999974370611477,0.9977600803299653,,0,16011.21,0.0,1.0,1343.51,0.9999999999998863,7362.7,1092.0,14.8
2026-09-17 22:30:57,0.6091314031180401,0.07633587786259532,0.21739130434782616,0.9999748760390239,0.9977626333771754,,0,16011.21,0.0,1.0,1343.51,0.9999999999998863,7362.7,1092.0,14.8
2026-09-17 22:30:58,0.5968819599109132,0.07251908396946583,0.21739130434782616,0.9999748760390239,0.9977626333771754,,0,16011.21,0.0,1.0,1343.51,0.9999999999998863,7362.7,1092.0,14.8
2026-09-17 22:30:59,0.6959910913140311,0.07633587786259532,0.43478260869565233,0.9999758868941178,0.9977668514551752,,0,16011.21,0.0,1.0,1343.51,0.9999999999998863,7362.7,1092.0,14.8
2026-09-17 22:31:00,0.665924276169265,0.07251908396946583,0.17391304347825987,0.9999783719128899,0.9977670087080832,,0,16011.21,0.0,1.0,1343.51,0.9999999999998863,7362.7,1092.0,14.8
2026-09-17 22:31:01,0.6625835189309577,0.06870229007633588,0.17391304347825987,0.9999790458162856,0.9977673602145831,,0,16011.21,0.0,1.0,1343.51,0.9999999999998863,7362.7,1092.0,14.8
2026-09-17 22:31:02,0.5846325167037862,0.06870229007633588,0.17391304347825987,0.9999790458162856,0.9977673602145831,,0,16011.21,0.0,1.0,1343.51,0.9999999999998863,7362.7,1092.0,14.8
2026-09-17 22:31:03,0.6102449888641425,0.06870229007633588,0.17391304347825987,0.9999790458162856,0.9977674897169777,,0,16011.21,0.0,1.0,1343.51,0.9999999999998863,7362.7,1092.0,14.8
2026-09-17 22:31:04,0.6124721603563474,0.06870229007633588,0.17391304347825987,0.9999797197196818,0.9977713932891619,,0,16011.21,0.0,1.0,1343.51,0.9999999999998863,7362.7,1092.0,14.8
2026-09-17 22:31:05,0.7048997772828507,0.06870229007633588,0.17391304347825987,0.9999797197196818,0.9977713932891619,,0,16011.21,0.0,1.0,1343.51,0.9999999999998863,7362.7,1092.0,14.8
2026-09-17 22:31:06,0.6403118040089086,0.06870229007633588,0.17391304347825987,0.9999797197196818,0.9977718002966878,,0,16011.21,0.0,1.0,1343.51,0.9999999999998863,7362.7,1092.0,14.8
2026-09-17 22:31:07,0.6013363028953229,0.06870229007633588,0.17391304347825987,0.9999797197196818,0.9977736688312406,,0,16011.21,0.0,1.0,1343.51,0.9999999999998863,7362.7,1092.0,14.8
2026-09-17 22:31:08,0.6358574610244989,0.053435114503816994,0.17391304347825987,0.9999805620989264,0.9977738168339774,,0,16011.21,0.0,1.0,1343.51,0.9999999999998863,7362.7,1092.0,14.8
2026-09-17 22:31:09,0.6915367483296214,0.053435114503816994,0.17391304347825987,0.9999824574522274,0.9977747048503982,,0,16011.21,0.0,1.0,1343.51,0.9999999999998863,7362.7,1092.0,14.8
2026-09-17 22:31:10,0.6692650334075724,0.057251908396946494,0.17391304347825987,0.9999824574522274,0.9977751396084376,,0,16011.21,0.0,1.0,1343.51,0.9999999999998863,7362.7,1092.0,14.8
2026-09-17 22:31:11,0.6069042316258352,0.053435114503816994,0.17391304347825987,0.9999829628797738,0.9977825119947661,,0,16011.21,0.0,1.0,1343.51,0.9999999999998863,7362.7,1092.0,14.8
2026-09-17 22:31:12,0.6091314031180401,0.053435114503816994,0.17391304347825987,0.999984142210717,0.9977874238355944,,0,16011.21,0.0,1.0,1343.51,0.9999999999998863,7362.7,1092.0,14.8
2026-09-17 22:31:13,0.5902004454342984,0.053435114503816994,0.17391304347825987,0.999984142210717,0.9977874238355944,,0,16011.21,0.0,1.0,1343.51,0.9999999999998863,7362.7,1092.0,14.8
2026-09-17 22:31:14,0.6158129175946547,0.053435114503816994,0.17391304347825987,0.9999848161141127,0.9977915586620547,,0,16011.21,0.0,1.0,1343.51,0.9999999999998863,7362.7,1092.0,14.8
2026-09-17 22:31:15,0.7706013363028954,0.053435114503816994,0.17391304347825987,0.9999848161141127,0.9977928814365153,,0,16011.21,0.0,1.0,1343.51,0.9999999999998863,7362.7,1092.0,14.8
2026-09-17 22:31:16,0.6224944320712694,0.053435114503816994,0.17391304347825987,0.9999848161141127,0.9977931404413045,,0,16011.21,0.0,1.0,1343.51,0.9999999999998863,7362.7,1092.0,14.8
2026-09-17 22:31:17,0.6726057906458797,0.057251908396946494,0.2608695652173907,0.9999856584933573,0.9977963965015149,,0,16011.21,0.0,1.0,1343.51,0.9999999999998863,7362.7,1092.0,14.8
2026-09-17 22:31:18,0.9131403118040089,0.06488549618320638,0.2608695652173907,0.9999856584933573,0.9977969792622909,,1,16011.21,0.0,1.0,1343.51,0.9999999999998863,7362.7,1092.0,14.8
2026-09-17 22:31:19,0.7015590200445434,0.053435114503816994,0.17391304347825987,0.9999871747759981,0.9978050084107641,,0,16011.21,0.0,1.0,1343.51,0.9999999999998863,7362.7,1092.0,14.8
2026-09-17 22:31:20,0.6069042316258352,0.053435114503816994,0.43478260869565233,0.9999871747759981,0.9978057021735931,,0,16011.21,0.0,1.0,1343.51,0.9999999999998863,7362.7,1092.0,14.8
2026-09-17 22:31:21,0.6469933184855234,0.053435114503816994,0.17391304347825987,0.9999871747759981,0.9978058501763298,,0,16011.21,0.0,1.0,1343.51,0.9999999999998863,7362.7,1092.0,14.8
2026-09-17 22:31:22,0.5979955456570156,0.053435114503816994,0.17391304347825987,0.9999871747759981,0.9978060721804352,,0,16011.21,0.0,1.0,1343.51,0.9999999999998863,7362.7,1092.0,14.8
2026-09-17 22:31:23,0.643652561247216,0.053435114503816994,0.17391304347825987,0.9999871747759981,0.9978061461818033,,0,16011.21,0.0,1.0,1343.51,0.9999999999998863,7362.7,1092.0,14.8
2026-09-17 22:31:24,0.5968819599109132,0.053435114503816994,0.17391304347825987,0.9999883541069408,0.9978117702858031,,0,16011.21,0.0,1.0,1343.51,0.9999999999998863,7362.7,1092.0,14.8
2026-09-17 22:31:25,0.5868596881959911,0.053435114503816994,0.17391304347825987,0.9999883541069408,0.9978119460390529,,0,16011.21,0.0,1.0,1343.51,0.9999999999998863,7362.7,1092.0,14.8
2026-09-17 22:31:26,0.6592427616926504,0.053435114503816994,0.17391304347825987,0.9999883541069408,0.9978122512946976,,0,16011.21,0.0,1.0,1343.51,0.9999999999998863,7362.7,1092.0,14.8
2026-09-17 22:31:27,0.2806236080178174,0.1450381679389312,0.0,1.0,1.0,,0,16011.21,0.0,1.0,1343.51,0.9999999999998863,7362.7,1092.0,14.8
